text,category,output
How do I start the process for an agricultural loan?,application,"To apply for an agricultural loan, visit our website or contact your local bank."
What steps should I follow to apply for a farm loan?,application,"To apply for an agricultural loan, visit our website or contact your local bank."
Where can I find the application form for an agri loan?,application,"To apply for an agricultural loan, visit our website or contact your local bank."
Can you guide me through the loan application procedure?,application,"To apply for an agricultural loan, visit our website or contact your local bank."
What documents are needed to apply for an agricultural loan?,application,"To apply for an agricultural loan, visit our website or contact your local bank."
How long does the agricultural loan application take?,application,"To apply for an agricultural loan, visit our website or contact your local bank."
What are the requirements for applying for a farm loan?,application,"To apply for an agricultural loan, visit our website or contact your local bank."
How can I submit my application for an agricultural loan?,application,"To apply for an agricultural loan, visit our website or contact your local bank."
Are there any specific eligibility checks during the application process?,application,"To apply for an agricultural loan, visit our website or contact your local bank."
Where should I apply for an agricultural loan?,application,"To apply for an agricultural loan, visit our website or contact your local bank."
What are the qualifications required for a crop loan?,eligibility,Eligibility criteria include having a stable income and owning agricultural land.
How can I determine if I am eligible for an agricultural loan?,eligibility,Eligibility criteria include having a stable income and owning agricultural land.
What criteria must be met to qualify for a farm loan?,eligibility,Eligibility criteria include having a stable income and owning agricultural land.
Can you tell me the eligibility requirements for a crop loan?,eligibility,Eligibility criteria include having a stable income and owning agricultural land.
Who can apply for an agricultural loan based on eligibility?,eligibility,Eligibility criteria include having a stable income and owning agricultural land.
What is needed to qualify for a loan for organic farming?,eligibility,Eligibility criteria include having a stable income and owning agricultural land.
Are there any income requirements for crop loans?,eligibility,Eligibility criteria include having a stable income and owning agricultural land.
What are the general eligibility criteria for agricultural loans?,eligibility,Eligibility criteria include having a stable income and owning agricultural land.
Do I need to own land to be eligible for a farm loan?,eligibility,Eligibility criteria include having a stable income and owning agricultural land.
Are there any specific age requirements for applying for an agricultural loan?,eligibility,Eligibility criteria include having a stable income and owning agricultural land.
How are interest rates for machinery loans determined?,interest,Interest rates for machinery loans vary based on the type of machinery.
What is the current interest rate for agricultural loans?,interest,Interest rates for machinery loans vary based on the type of machinery.
How do interest rates vary for different types of machinery loans?,interest,Interest rates for machinery loans vary based on the type of machinery.
Can you provide information on the interest rates for farm equipment loans?,interest,Interest rates for machinery loans vary based on the type of machinery.
Are there fixed or variable interest rates for agricultural loans?,interest,Interest rates for machinery loans vary based on the type of machinery.
What are the interest rates for organic farming loans?,interest,Interest rates for machinery loans vary based on the type of machinery.
How does the interest rate for a machinery loan compare to a crop loan?,interest,Interest rates for machinery loans vary based on the type of machinery.
Can I get details on the interest rates for different loan types?,interest,Interest rates for machinery loans vary based on the type of machinery.
How can I calculate the interest on my agricultural loan?,interest,Interest rates for machinery loans vary based on the type of machinery.
What factors affect the interest rate for a farm loan?,interest,Interest rates for machinery loans vary based on the type of machinery.
Are there specific loans for organic farming projects?,organic,"Yes, loans are available for organic farming initiatives."
What type of loans are available for organic agriculture?,organic,"Yes, loans are available for organic farming initiatives."
Can I apply for a loan to start an organic farm?,organic,"Yes, loans are available for organic farming initiatives."
What are the funding options for organic farming initiatives?,organic,"Yes, loans are available for organic farming initiatives."
Do you offer loans tailored for organic agriculture?,organic,"Yes, loans are available for organic farming initiatives."
Are there special loan programs for organic farming?,organic,"Yes, loans are available for organic farming initiatives."
How can I get financial support for organic farming?,organic,"Yes, loans are available for organic farming initiatives."
What are the requirements for loans dedicated to organic farming?,organic,"Yes, loans are available for organic farming initiatives."
Can I get a loan for an organic farming business?,organic,"Yes, loans are available for organic farming initiatives."
What is the process for applying for an organic farming loan?,organic,"Yes, loans are available for organic farming initiatives."
What are the repayment options for an agricultural loan?,repayment,Repayment can be done through monthly installments or as a lump sum.
How can I repay my farm loan?,repayment,Repayment can be done through monthly installments or as a lump sum.
Are there flexible repayment plans for agricultural loans?,repayment,Repayment can be done through monthly installments or as a lump sum.
What methods can I use to repay my agricultural loan?,repayment,Repayment can be done through monthly installments or as a lump sum.
Can I repay my agricultural loan in one lump sum?,repayment,Repayment can be done through monthly installments or as a lump sum.
What are the options for repaying a farm loan?,repayment,Repayment can be done through monthly installments or as a lump sum.
How do I manage repayments for my agricultural loan?,repayment,Repayment can be done through monthly installments or as a lump sum.
Are there prepayment options for agricultural loans?,repayment,Repayment can be done through monthly installments or as a lump sum.
What are the terms for repaying an agricultural loan?,repayment,Repayment can be done through monthly installments or as a lump sum.
How can I adjust my repayment plan for an agricultural loan?,repayment,Repayment can be done through monthly installments or as a lump sum.
